Year,Residential_GWh,Residential_No,Farm_GWh,Farm_No,Commercial_GWh,Commercial_No,Industrial_GWh,Industrial_No
2018,10242.869936751884,1518200,2084.0911884973452,83637,15887.761160985854,183951,28290.203038484495,33332
2019,10172.985381161378,1540796,2074.748649408864,83652,15742.210515298611,185889,27687.469013524213,32562
2020,10716.560128662657,1522814,2071.7079870548514,83552,14733.427675012095,183141,25925.234996150553,31542
2021,11018.272,1585662,2165.4,82662,15293.688000000002,189724,25969.2,30536
2022,10920.402251235804,1609502,2094.997672203244,80893,15881.716118373255,191137,26403.678648444584,30238
2023,10814.940542561337,1636450,2113.628273896589,80778,15896.545710764198,192685,25831.72522004457,30012
0,0.0,0,0.0,0,0.0,0,0.0,0
0,0.0,0,0.0,0,0.0,0,0.0,0
0,0.0,0,0.0,0,0.0,0,0.0,0
